1,abnormal
2,abolish
3,abominable
4,abominably
5,abominate
6,abomination
7,abort
8,aborted
9,aborts
10,abrade
11,abrasive
12,abrupt
13,abruptly
14,abscond
15,absence
16,absent-minded
17,absentee
18,absurd
19,absurdity
20,absurdly
21,absurdness
22,abuse
23,abused
24,abuses
25,abusive
26,abysmal
27,abysmally
28,abyss
29,accidental
30,accost
31,accursed
32,accusation
33,accusations
34,accuse
35,accuses
36,accusing
37,accusingly
38,acerbate
39,acerbic
40,acerbically
41,ache
42,ached
43,aches
44,aching
45,acrid
46,acridly
47,acridness
48,acrimonious
49,acrimoniously
50,acrimony
51,adamant
52,adamantly
53,addict
54,addicted
55,addicting
56,addicts
57,admonish
58,admonisher
59,admonishingly
60,admonishment
61,admonition
62,adulterate
63,adulterated
64,adulteration
65,adversarial
66,adversary
67,adverse
68,adversity
69,afflict
70,affliction
71,afflictive
72,affront
73,afraid
74,aggravate
75,aggravating
76,aggravation
77,aggression
78,aggressive
79,aggressiveness
80,aggressor
81,aggrieve
82,aggrieved
83,aghast
84,agonies
85,agonize
86,agonizing
87,agonizingly
88,agony
89,aground
90,ail
91,ailing
92,ailment
93,aimless
94,alarm
95,alarmed
96,alarming
97,alarmingly
98,alienate
99,alienated
100,alienation
101,allegation
102,allegations
103,allege
104,allergic
105,allergies
106,allergy
107,aloof
108,altercation
109,ambiguity
110,ambiguous
111,ambivalence
112,ambivalent
113,ambush
114,amiss
115,amputate
116,anarchism
117,anarchist
118,anarchistic
119,anarchy
120,anemic
121,anger
122,angrily
123,angriness
124,angry
125,anguish
126,animosity
127,annihilate
128,annihilation
129,annoy
130,annoyance
131,annoyances
132,annoyed
133,annoying
134,annoyingly
135,annoys
136,anomalous
137,anomaly
138,antagonism
139,antagonist
140,antagonistic
141,antagonize
142,anti-
143,anti-occupation
144,anti-proliferation
145,anti-social
146,anti-us
147,anti-white
148,antipathy
149,antiquated
150,antithetical
151,anxieties
152,anxiety
153,anxious
154,anxiously
155,anxiousness
156,apathetic
157,apathetically
158,apathy
159,apocalypse
160,apocalyptic
161,apologist
162,apologists
163,appall
164,appalled
165,appalling
166,appallingly
167,apprehension
168,apprehensions
169,apprehensive
170,apprehensively
171,arbitrary
172,arcane
173,archaic
174,arduous
175,arduously
176,argumentative
177,arrogance
178,arrogant
179,arrogantly
180,ashamed
181,asinine
182,asininely
183,askance
184,asperse
185,aspersion
186,aspersions
187,assail
188,assassin
189,assassinate
190,assault
191,astray
192,asunder
193,atrocious
194,atrocities
195,atrocity
196,atrophy
197,attack
198,attacks
199,audacious
200,audaciously
201,audaciousness
202,audacity
203,austere
204,authoritarian
205,autocrat
206,autocratic
207,avalanche
208,avarice
209,avaricious
210,avariciously
211,avenge
212,averse
213,aversion
214,awful
215,awfully
216,awfulness
217,awkward
218,awkwardness
219,ax
220,abysmal
221,adverse
222,alarming
223,angry
224,annoy
225,anxious
226,apathy
227,appalling
228,atrocious
229,awful
230,babble
231,back-logged
232,back-wood
233,back-woods
234,backache
235,backaches
236,backbite
237,backbiting
238,backward
239,backwardness
240,backwoods
241,bad
242,badly
243,baffle
244,baffled
245,bafflement
246,baffling
247,bait
248,balk
249,banal
250,bane
251,banish
252,banishment
253,bankrupt
254,barbarian
255,barbaric
256,barbarically
257,barbarity
258,barbarous
259,barbarously
260,barren
261,baseless
262,bash
263,bashed
264,bashful
265,bashing
266,bastard
267,bastards
268,battered
269,battering
270,batty
271,bearish
272,beastly
273,bedlam
274,bedlamite
275,befoul
276,beg
277,beggar
278,beggarly
279,begging
280,beguile
281,belabor
282,belated
283,beleaguer
284,belie
285,belittle
286,belittled
287,belittling
288,bellicose
289,belligerence
290,belligerent
291,belligerently
292,bemoan
293,bemoaning
294,bemused
295,bent
296,berate
297,bereave
298,bereavement
299,bereft
300,berserk
301,beseech
302,beset
303,besiege
304,besmirch
305,bestial
306,betray
307,betrayal
308,betrayals
309,betrayer
310,betraying
311,betrays
312,bewail
313,beware
314,bewilder
315,bewildered
316,bewildering
317,bewilderingly
318,bewilderment
319,bewitch
320,bias
321,biased
322,biases
323,bicker
324,bickering
325,bid-rigging
326,bigotries
327,bigotry
328,bitch
329,bitchy
330,biting
331,bitingly
332,bitter
333,bitterly
334,bitterness
335,bizarre
336,blab
337,blabber
338,blackmail
339,blah
340,blame
341,blameworthy
342,bland
343,blandish
344,blaspheme
345,blasphemous
346,blasphemy
347,blasted
348,blatant
349,blatantly
350,blather
351,bleak
352,bleakly
353,bleakness
354,bleed
355,bleeding
356,bleeds
357,blemish
358,blind
359,blinding
360,blindingly
361,blindside
362,blister
363,blistering
364,bloated
365,blockage
366,blockhead
367,bloodshed
368,bloodthirsty
369,bloody
370,blotchy
371,blow
372,blunder
373,blundering
374,blunders
375,blunt
376,blur
377,blurred
378,blurring
379,blurry
380,blurs
381,blurt
382,boastful
383,boggle
384,bogus
385,boil
386,boiling
387,boisterous
388,bomb
389,bombard
390,bombardment
391,bombastic
392,bondage
393,bonkers
394,bore
395,bored
396,boredom
397,bores
398,boring
399,botch
400,bother
401,bothered
402,bothering
403,bothers
404,bothersome
405,bowdlerize
406,boycott
407,braggart
408,bragger
409,brainless
410,brainwash
411,brash
412,brashly
413,brashness
414,brat
415,bravado
416,brazen
417,brazenly
418,brazenness
419,breach
420,break
421,break-up
422,break-ups
423,breakdown
424,breaking
425,breaks
426,breakup
427,breakups
428,bribery
429,brimstone
430,bristle
431,brittle
432,broke
433,broken
434,broken-hearted
435,brood
436,browbeat
437,bruise
438,bruised
439,bruises
440,bruising
441,brusque
442,brutal
443,brutalities
444,brutality
445,brutalize
446,brutalizing
447,brutally
448,brute
449,brutish
450,buckle
451,bug
452,bugging
453,buggy
454,bugs
455,bulkier
456,bulkiness
457,bulky
458,bull****
459,bull—-
460,bullies
461,bullshit
462,bully
463,bullying
464,bullyingly
465,bum
466,bump
467,bumped
468,bumping
469,bumps
470,bumpy
471,bungle
472,bungler
473,bungling
474,bunk
475,burden
476,burdensome
477,burdensomely
478,burn
479,burned
480,burning
481,burns
482,bust
483,busts
484,busybody
485,butcher
486,butchery
487,buzzing
488,byzantine
489,bad
490,banal
491,barbed
492,belligerent
493,bemoan
494,beneath
495,boring
496,broken
497,cackle
498,calamities
499,calamitous
500,calamitously
501,calamity
502,callous
503,calumniate
504,calumniation
505,calumnies
506,calumnious
507,calumniously
508,calumny
509,cancer
510,cancerous
511,cannibal
512,cannibalize
513,capitulate
514,capricious
515,capriciously
516,capriciousness
517,capsize
518,careless
519,carelessness
520,caricature
521,carnage
522,carp
523,cartoonish
524,cash-strapped
525,castigate
526,castrated
527,casualty
528,cataclysm
529,cataclysmal
530,cataclysmic
531,cataclysmically
532,catastrophe
533,catastrophes
534,catastrophic
535,catastrophically
536,caustic
537,caustically
538,cautionary
539,cave
540,censure
541,chafe
542,chaff
543,chagrin
544,challenging
545,chaos
546,chaotic
547,chasten
548,chastise
549,chastisement
550,chatter
551,chatterbox
552,cheap
553,cheapen
554,cheaply
555,cheat
556,cheated
557,cheater
558,cheating
559,cheats
560,checkered
561,cheerless
562,cheesy
563,chide
564,childish
565,chill
566,chilly
567,chintzy
568,choke
569,choleric
570,choppy
571,chore
572,chronic
573,chunky
574,clamor
575,clamorous
576,clash
577,clique
578,clog
579,clogged
580,clogs
581,cloud
582,clouding
583,cloudy
584,clueless
585,clumsy
586,clunky
587,coarse
588,cocky
589,coerce
590,coercion
591,coercive
592,cold
593,coldly
594,collapse
595,collude
596,collusion
597,combative
598,combust
599,comical
600,commiserate
601,commonplace
602,commotion
603,commotions
604,complacent
605,complain
606,complained
607,complaining
608,complains
609,complaint
610,complaints
611,complex
612,complicated
613,complication
614,complicit
615,compulsion
616,compulsive
617,concede
618,conceded
619,conceit
620,conceited
621,concern
622,concerned
623,concerns
624,concession
625,concessions
626,condemn
627,condemnable
628,condemnation
629,condemned
630,condemns
631,condescend
632,condescending
633,condescendingly
634,condescension
635,confess
636,confession
637,confessions
638,confined
639,conflict
640,conflicted
641,conflicting
642,conflicts
643,confound
644,confounded
645,confounding
646,confront
647,confrontation
648,confrontational
649,confuse
650,confused
651,confuses
652,confusing
653,confusion
654,confusions
655,congested
656,congestion
657,cons
658,conservative
659,conspicuous
660,conspicuously
661,conspiracies
662,conspiracy
663,conspirator
664,conspiratorial
665,conspire
666,consternation
667,contagious
668,contaminate
669,contaminated
670,contaminates
671,contaminating
672,contamination
673,contempt
674,contemptible
675,contemptuous
676,contemptuously
677,contend
678,contention
679,contentious
680,contort
681,contortions
682,contradict
683,contradiction
684,contradictory
685,contrariness
686,contravene
687,contrive
688,contrived
689,controversial
690,controversy
691,convoluted
692,corrode
693,corrosion
694,corrosions
695,corrosive
696,corrupt
697,corrupted
698,corrupting
699,corruption
700,corrupts
701,costlier
702,costly
703,counter-productive
704,counterproductive
705,covetous
706,coward
707,cowardly
708,crabby
709,crack
710,cracked
711,cracks
712,craftily
713,crafty
714,cramp
715,cramped
716,cramping
717,cranky
718,crap
719,crappy
720,craps
721,crash
722,crashed
723,crashes
724,crashing
725,crass
726,craven
727,cravenly
728,craze
729,crazily
730,craziness
731,crazy
732,creak
733,creaking
734,creaks
735,credulous
736,creep
737,creeping
738,creeps
739,creepy
740,crept
741,crime
742,criminal
743,cringe
744,cringed
745,cringes
746,cripple
747,crippled
748,cripples
749,crippling
750,crisis
751,critic
752,critical
753,criticism
754,criticisms
755,criticize
756,criticized
757,criticizing
758,critics
759,cronyism
760,crook
761,crooked
762,crooks
763,crowded
764,crowdedness
765,crude
766,cruel
767,crueler
768,cruelest
769,cruelly
770,cruelness
771,cruelties
772,cruelty
773,crumble
774,crumbling
775,crummy
776,crumple
777,crumpled
778,crumples
779,crush
780,crushed
781,crushing
782,cry
783,culpable
784,culprit
785,cumbersome
786,cunt
787,cunts
788,curse
789,cursed
790,curses
791,curt
792,cuss
793,cussed
794,cutthroat
795,cynical
796,cynicism
797,callous
798,can't
799,clumsy
800,coarse
801,cold
802,cold-hearted
803,collapse
804,confused
805,contradictory
806,contrary
807,corrosive
808,corrupt
809,crazy
810,creepy
811,criminal
812,cruel
813,cry
814,cutting
815,callous
816,cantankerous
817,careless
818,changeable
819,clinging
820,compulsive
821,conservative
822,cowardly
823,cruel
824,cunning
825,cynical
826,damage
827,damaged
828,damages
829,damaging
830,damn
831,damnable
832,damnably
833,damnation
834,damned
835,damning
836,damper
837,danger
838,dangerous
839,dangerousness
840,dark
841,darken
842,darkened
843,darker
844,darkness
845,dastard
846,dastardly
847,daunt
848,daunting
849,dauntingly
850,dawdle
851,daze
852,dazed
853,dead
854,deadbeat
855,deadlock
856,deadly
857,deadweight
858,deaf
859,dearth
860,death
861,debacle
862,debase
863,debasement
864,debaser
865,debatable
866,debauch
867,debaucher
868,debauchery
869,debilitate
870,debilitating
871,debility
872,debt
873,debts
874,decadence
875,decadent
876,decay
877,decayed
878,deceit
879,deceitful
880,deceitfully
881,deceitfulness
882,deceive
883,deceiver
884,deceivers
885,deceiving
886,deception
887,deceptive
888,deceptively
889,declaim
890,decline
891,declines
892,declining
893,decrement
894,decrepit
895,decrepitude
896,decry
897,defamation
898,defamations
899,defamatory
900,defame
901,defect
902,defective
903,defects
904,defensive
905,defiance
906,defiant
907,defiantly
908,deficiencies
909,deficiency
910,deficient
911,defile
912,defiler
913,deform
914,deformed
915,defrauding
916,defunct
917,defy
918,degenerate
919,degenerately
920,degeneration
921,degradation
922,degrade
923,degrading
924,degradingly
925,dehumanization
926,dehumanize
927,deign
928,deject
929,dejected
930,dejectedly
931,dejection
932,delay
933,delayed
934,delaying
935,delays
936,delinquency
937,delinquent
938,delirious
939,delirium
940,delude
941,deluded
942,deluge
943,delusion
944,delusional
945,delusions
946,demean
947,demeaning
948,demise
949,demolish
950,demolisher
951,demon
952,demonic
953,demonize
954,demonized
955,demonizes
956,demonizing
957,demoralize
958,demoralizing
959,demoralizingly
960,denial
961,denied
962,denies
963,denigrate
964,denounce
965,dense
966,dent
967,dented
968,dents
969,denunciate
970,denunciation
971,denunciations
972,deny
973,denying
974,deplete
975,deplorable
976,deplorably
977,deplore
978,deploring
979,deploringly
980,deprave
981,depraved
982,depravedly
983,deprecate
984,depress
985,depressed
986,depressing
987,depressingly
988,depression
989,depressions
990,deprive
991,deprived
992,deride
993,derision
994,derisive
995,derisively
996,derisiveness
997,derogatory
998,desecrate
999,desert
1000,desertion
1001,desiccate
1002,desiccated
1003,desolate
1004,desolately
1005,desolation
1006,despair
1007,despairing
1008,despairingly
1009,desperate
1010,desperately
1011,desperation
1012,despicable
1013,despicably
1014,despise
1015,despised
1016,despoil
1017,despoiler
1018,despondence
1019,despondency
1020,despondent
1021,despondently
1022,despot
1023,despotic
1024,despotism
1025,destitute
1026,destitution
1027,destroy
1028,destroyer
1029,destruction
1030,destructive
1031,desultory
1032,deter
1033,deteriorate
1034,deteriorating
1035,deterioration
1036,deterrent
1037,detest
1038,detestable
1039,detestably
1040,detested
1041,detesting
1042,detests
1043,detract
1044,detracted
1045,detracting
1046,detraction
1047,detracts
1048,detriment
1049,detrimental
1050,devastate
1051,devastated
1052,devastates
1053,devastating
1054,devastatingly
1055,devastation
1056,deviate
1057,deviation
1058,devil
1059,devilish
1060,devilishly
1061,devilment
1062,devilry
1063,devious
1064,deviously
1065,deviousness
1066,devoid
1067,diabolic
1068,diabolical
1069,diabolically
1070,diametrically
1071,diatribe
1072,diatribes
1073,dick
1074,dictator
1075,dictatorial
1076,die
1077,die-hard
1078,died
1079,dies
1080,difficult
1081,difficulties
1082,difficulty
1083,diffidence
1084,dilapidated
1085,dilemma
1086,dilly-dally
1087,dim
1088,dimmer
1089,ding
1090,dings
1091,dinky
1092,dire
1093,direly
1094,direness
1095,dirt
1096,dirty
1097,disable
1098,disabled
1099,disaccord
1100,disadvantage
1101,disadvantaged
1102,disadvantageous
1103,disadvantages
1104,disaffect
1105,disaffected
1106,disaffirm
1107,disagree
1108,disagreeable
1109,disagreeably
1110,disagreed
1111,disagreeing
1112,disagreement
1113,disagrees
1114,disallow
1115,disappoint
1116,disappointed
1117,disappointing
1118,disappointingly
1119,disappointment
1120,disappointments
1121,disappoints
1122,disapprobation
1123,disapproval
1124,disapprove
1125,disapproving
1126,disarm
1127,disarray
1128,disaster
1129,disastrous
1130,disastrously
1131,disavow
1132,disavowal
1133,disbelief
1134,disbelieve
1135,disbeliever
1136,disclaim
1137,discombobulate
1138,discomfit
1139,discomfort
1140,discompose
1141,disconcert
1142,disconcerted
1143,disconcerting
1144,disconcertingly
1145,disconsolate
1146,disconsolately
1147,disconsolation
1148,discontent
1149,discontented
1150,discontentedly
1151,discontinued
1152,discontinuity
1153,discontinuous
1154,discord
1155,discordance
1156,discordant
1157,discountenance
1158,discourage
1159,discouragement
1160,discouraging
1161,discouragingly
1162,discourteous
1163,discourteously
1164,discredit
1165,discrepant
1166,discriminate
1167,discrimination
1168,discriminatory
1169,disdain
1170,disdained
1171,disdainful
1172,disdainfully
1173,disfavor
1174,disgrace
1175,disgraced
1176,disgraceful
1177,disgracefully
1178,disgruntle
1179,disgruntled
1180,disgust
1181,disgusted
1182,disgustedly
1183,disgustful
1184,disgustfully
1185,disgusting
1186,disgustingly
1187,dishearten
1188,disheartening
1189,dishearteningly
1190,dishonest
1191,dishonestly
1192,dishonesty
1193,dishonor
1194,dishonorable
1195,disillusion
1196,disillusioned
1197,disillusionment
1198,disillusions
1199,disinclination
1200,disinclined
1201,disingenuous
1202,disingenuously
1203,disintegrate
1204,disintegrated
1205,disintegrates
1206,disintegration
1207,disinterest
1208,disinterested
1209,dislike
1210,disliked
1211,dislikes
1212,disliking
1213,dislocated
1214,disloyal
1215,disloyalty
1216,dismal
1217,dismally
1218,dismalness
1219,dismay
1220,dismayed
1221,dismaying
1222,dismayingly
1223,dismissive
1224,dismissively
1225,disobedience
1226,disobedient
1227,disobey
1228,disorder
1229,disordered
1230,disorderly
1231,disorganized
1232,disorient
1233,disoriented
1234,disown
1235,disparage
1236,disparaging
1237,disparagingly
1238,dispensable
1239,dispirit
1240,dispirited
1241,dispiritedly
1242,dispiriting
1243,displace
1244,displaced
1245,displease
1246,displeased
1247,displeasing
1248,displeasure
1249,disproportionate
1250,disprove
1251,disputable
1252,dispute
1253,disputed
1254,disquiet
1255,disquieting
1256,disquietingly
1257,disquietude
1258,disregard
1259,disregardful
1260,disreputable
1261,disrepute
1262,disrespect
1263,disrespectable
1264,disrespectful
1265,disrespectfully
1266,disrespectfulness
1267,disrespecting
1268,disrupt
1269,disruption
1270,disruptive
1271,dissatisfaction
1272,dissatisfactory
1273,dissatisfied
1274,dissatisfies
1275,dissatisfy
1276,dissatisfying
1277,dissed
1278,dissemble
1279,dissembler
1280,dissension
1281,dissent
1282,dissenter
1283,dissention
1284,disservice
1285,disses
1286,dissidence
1287,dissident
1288,dissidents
1289,dissing
1290,dissocial
1291,dissolute
1292,dissolution
1293,dissonance
1294,dissonant
1295,dissonantly
1296,dissuade
1297,dissuasive
1298,distains
1299,distaste
1300,distasteful
1301,distastefully
1302,distort
1303,distorted
1304,distortion
1305,distorts
1306,distract
1307,distracting
1308,distraction
1309,distraught
1310,distraughtly
1311,distress
1312,distressed
1313,distressing
1314,distressingly
1315,distrust
1316,distrustful
1317,distrusting
1318,disturb
1319,disturbance
1320,disturbed
1321,disturbing
1322,disturbingly
1323,disunity
1324,disvalue
1325,divergent
1326,divisive
1327,divisively
1328,divisiveness
1329,dizzy
1330,doddering
1331,dogged
1332,doggedly
1333,dogmatic
1334,doldrums
1335,domineer
1336,domineering
1337,doom
1338,doomed
1339,doomsday
1340,dope
1341,doubt
1342,doubtful
1343,doubtfully
1344,doubts
1345,douchebag
1346,douchebags
1347,downbeat
1348,downcast
1349,downer
1350,downfall
1351,downfallen
1352,downgrade
1353,downhearted
1354,downheartedly
1355,downhill
1356,downside
1357,downsides
1358,downturn
1359,downturns
1360,drab
1361,draconian
1362,draconic
1363,drag
1364,dragged
1365,dragging
1366,dragoon
1367,drags
1368,drain
1369,drained
1370,draining
1371,drains
1372,drastic
1373,drastically
1374,drawback
1375,drawbacks
1376,dread
1377,dreadful
1378,dreadfully
1379,dreadfulness
1380,dreary
1381,dripped
1382,dripping
1383,drippy
1384,drips
1385,drones
1386,droop
1387,droops
1388,drop-out
1389,drop-outs
1390,dropout
1391,dropouts
1392,drought
1393,drowning
1394,drunk
1395,drunkard
1396,drunken
1397,dubious
1398,dubiously
1399,dubitable
1400,dud
1401,dull
1402,dullard
1403,dumb
1404,dumbfound
1405,dump
1406,dumped
1407,dumping
1408,dumps
1409,dunce
1410,dungeon
1411,dungeons
1412,dupe
1413,dust
1414,dusty
1415,dwindling
1416,dying
1417,dead
1418,decaying
1419,damage
1420,damaging
1421,dastardly
1422,deplorable
1423,depressed
1424,deprived
1425,deformed
1426,deny
1427,despicable
1428,detrimental
1429,dirty
1430,disease
1431,disgusting
1432,disheveled
1433,dishonest
1434,dishonorable
1435,dismal
1436,distress
1437,don't
1438,dreadful
1439,dreary
1440,deceitful
1441,detached
1442,dishonest
1443,dogmatic
1444,domineering
1445,earsplitting
1446,eccentric
1447,eccentricity
1448,effigy
1449,effrontery
1450,egocentric
1451,egomania
1452,egotism
1453,egotistical
1454,egotistically
1455,egregious
1456,egregiously
1457,election-rigger
1458,elimination
1459,emaciated
1460,emasculate
1461,embarrass
1462,embarrassing
1463,embarrassingly
1464,embarrassment
1465,embattled
1466,embroil
1467,embroiled
1468,embroilment
1469,emergency
1470,emphatic
1471,emphatically
1472,emptiness
1473,encroach
1474,encroachment
1475,endanger
1476,enemies
1477,enemy
1478,enervate
1479,enfeeble
1480,enflame
1481,engulf
1482,enjoin
1483,enmity
1484,enrage
1485,enraged
1486,enraging
1487,enslave
1488,entangle
1489,entanglement
1490,entrap
1491,entrapment
1492,envious
1493,enviously
1494,enviousness
1495,epidemic
1496,equivocal
1497,erase
1498,erode
1499,erodes
1500,erosion
1501,err
1502,errant
1503,erratic
1504,erratically
1505,erroneous
1506,erroneously
1507,error
1508,errors
1509,eruptions
1510,escapade
1511,eschew
1512,estranged
1513,evade
1514,evasion
1515,evasive
1516,evil
1517,evildoer
1518,evils
1519,eviscerate
1520,exacerbate
1521,exaggerate
1522,exaggeration
1523,exasperate
1524,exasperated
1525,exasperating
1526,exasperatingly
1527,exasperation
1528,excessive
1529,excessively
1530,exclusion
1531,excoriate
1532,excruciating
1533,excruciatingly
1534,excuse
1535,excuses
1536,execrate
1537,exhaust
1538,exhausted
1539,exhaustion
1540,exhausts
1541,exhort
1542,exile
1543,exorbitant
1544,exorbitantly
1545,expel
1546,expensive
1547,expire
1548,expired
1549,explode
1550,exploit
1551,exploitation
1552,explosive
1553,expropriate
1554,expropriation
1555,expulse
1556,expunge
1557,exterminate
1558,extermination
1559,extinguish
1560,extort
1561,extortion
1562,extraneous
1563,extravagance
1564,extravagant
1565,extravagantly
1566,extremism
1567,extremist
1568,extremists
1569,eyesore
1570,enraged
1571,eroding
1572,evil
1573,f**k
1574,fabricate
1575,fabrication
1576,facetious
1577,facetiously
1578,fail
1579,failed
1580,failing
1581,fails
1582,failure
1583,failures
1584,faint
1585,fainthearted
1586,faithless
1587,fake
1588,fall
1589,fallacies
1590,fallacious
1591,fallaciously
1592,fallaciousness
1593,fallacy
1594,fallen
1595,falling
1596,fallout
1597,falls
1598,FALSE
1599,falsehood
1600,falsely
1601,falsify
1602,falter
1603,faltered
1604,famine
1605,famished
1606,fanatic
1607,fanatical
1608,fanatically
1609,fanaticism
1610,fanatics
1611,fanciful
1612,far-fetched
1613,farce
1614,farcical
1615,farcical-yet-provocative
1616,farcically
1617,farfetched
1618,fascism
1619,fascist
1620,fastidious
1621,fastidiously
1622,fat
1623,fat-cat
1624,fat-cats
1625,fatal
1626,fatalistic
1627,fatalistically
1628,fatally
1629,fateful
1630,fatefully
1631,fathomless
1632,fatigue
1633,fatigued
1634,fatty
1635,fatuity
1636,fatuous
1637,fatuously
1638,fault
1639,faults
1640,faulty
1641,fawningly
1642,faze
1643,fear
1644,fearful
1645,fearfully
1646,fears
1647,fearsome
1648,feckless
1649,feeble
1650,feebleminded
1651,feign
1652,feint
1653,fell
1654,felon
1655,felonious
1656,ferociously
1657,ferocity
1658,fetid
1659,fever
1660,feverish
1661,fevers
1662,fiasco
1663,fib
1664,fibber
1665,fickle
1666,fiction
1667,fictional
1668,fictitious
1669,fidget
1670,fidgety
1671,fiend
1672,fiendish
1673,fierce
1674,figurehead
1675,filth
1676,filthy
1677,finagle
1678,finicky
1679,fissures
1680,fist
1681,flabbergast
1682,flabbergasted
1683,flagging
1684,flagrant
1685,flagrantly
1686,flair
1687,flairs
1688,flak
1689,flake
1690,flakey
1691,flaking
1692,flaky
1693,flare
1694,flares
1695,flat-out
1696,flaunt
1697,flaw
1698,flawed
1699,flaws
1700,flee
1701,fleeing
1702,fleer
1703,flees
1704,fleeting
1705,flicker
1706,flickering
1707,flickers
1708,flighty
1709,flimflam
1710,flimsy
1711,flirt
1712,flirty
1713,floored
1714,flounder
1715,floundering
1716,flout
1717,fluster
1718,foe
1719,fool
1720,fooled
1721,foolhardy
1722,foolish
1723,foolishly
1724,foolishness
1725,forbid
1726,forbidden
1727,forbidding
1728,forceful
1729,foreboding
1730,forebodingly
1731,forfeit
1732,forged
1733,forgetful
1734,forgetfully
1735,forgetfulness
1736,forlorn
1737,forlornly
1738,forsake
1739,forsaken
1740,forswear
1741,foul
1742,foully
1743,foulness
1744,fractious
1745,fractiously
1746,fracture
1747,fragile
1748,fragmented
1749,frail
1750,frantic
1751,frantically
1752,franticly
1753,fraud
1754,fraudulent
1755,fraught
1756,frazzle
1757,frazzled
1758,freak
1759,freaking
1760,freakish
1761,freakishly
1762,freaks
1763,freeze
1764,freezes
1765,freezing
1766,frenetic
1767,frenetically
1768,frenzied
1769,frenzy
1770,fret
1771,fretful
1772,frets
1773,friction
1774,frictions
1775,fried
1776,frigging
1777,fright
1778,frighten
1779,frightening
1780,frighteningly
1781,frightful
1782,frightfully
1783,frigid
1784,frost
1785,frown
1786,froze
1787,frozen
1788,fruitless
1789,fruitlessly
1790,frustrate
1791,frustrated
1792,frustrates
1793,frustrating
1794,frustratingly
1795,frustration
1796,frustrations
1797,fuck
1798,fucking
1799,fudge
1800,fugitive
1801,full-blown
1802,fulminate
1803,fumble
1804,fume
1805,fumes
1806,fundamentalism
1807,funky
1808,funnily
1809,funny
1810,furious
1811,furiously
1812,furor
1813,fury
1814,fuss
1815,fussy
1816,fustigate
1817,fusty
1818,futile
1819,futilely
1820,futility
1821,fuzzy
1822,fail
1823,faulty
1824,fear
1825,feeble
1826,fight
1827,filthy
1828,foul
1829,frighten
1830,frightful
1831,finicky
1832,flirtatious
1833,foolish
1834,foolhardy
1835,fussy
1836,gabble
1837,gaff
1838,gaffe
1839,gainsay
1840,gainsayer
1841,gall
1842,galling
1843,gallingly
1844,galls
1845,gangster
1846,gape
1847,garbage
1848,garish
1849,gasp
1850,gauche
1851,gaudy
1852,gawk
1853,gawky
1854,geezer
1855,genocide
1856,get-rich
1857,ghastly
1858,ghetto
1859,ghosting
1860,gibber
1861,gibberish
1862,gibe
1863,giddy
1864,gimmick
1865,gimmicked
1866,gimmicking
1867,gimmicks
1868,gimmicky
1869,glare
1870,glaringly
1871,glib
1872,glibly
1873,glitch
1874,glitches
1875,gloatingly
1876,gloom
1877,gloomy
1878,glower
1879,glum
1880,glut
1881,gnawing
1882,goad
1883,goading
1884,god-awful
1885,goof
1886,goofy
1887,goon
1888,gossip
1889,graceless
1890,gracelessly
1891,graft
1892,grainy
1893,grapple
1894,grate
1895,grating
1896,gravely
1897,greasy
1898,greed
1899,greedy
1900,grief
1901,grievance
1902,grievances
1903,grieve
1904,grieving
1905,grievous
1906,grievously
1907,grim
1908,grimace
1909,grind
1910,gripe
1911,gripes
1912,grisly
1913,gritty
1914,gross
1915,grossly
1916,grotesque
1917,grouch
1918,grouchy
1919,groundless
1920,grouse
1921,growl
1922,grudge
1923,grudges
1924,grudging
1925,grudgingly
1926,gruesome
1927,gruesomely
1928,gruff
1929,grumble
1930,grumpier
1931,grumpiest
1932,grumpily
1933,grumpy
1934,guile
1935,guilt
1936,guiltily
1937,guilty
1938,gullible
1939,gutless
1940,gutter
1941,gawky
1942,ghastly
1943,grave
1944,greed
1945,grim
1946,grimace
1947,gross
1948,grotesque
1949,gruesome
1950,guilty
1951,greedy
1952,grumpy
1953,gullible
1954,hack
1955,hacks
1956,haggard
1957,haggle
1958,halfhearted
1959,halfheartedly
1960,hallucinate
1961,hallucination
1962,hamper
1963,hampered
1964,handicapped
1965,hang
1966,hangs
1967,haphazard
1968,hapless
1969,harangue
1970,harass
1971,harassed
1972,harasses
1973,harassment
1974,harboring
1975,harbors
1976,hard
1977,hard-hit
1978,hard-liner
1979,hardball
1980,harden
1981,hardened
1982,hardheaded
1983,hardhearted
1984,hardliner
1985,hardliners
1986,hardship
1987,hardships
1988,harm
1989,harmed
1990,harmful
1991,harms
1992,harpy
1993,harridan
1994,harried
1995,harrow
1996,harsh
1997,harshly
1998,hassle
1999,hassled
2000,hassles
2001,haste
2002,hastily
2003,hasty
2004,hate
2005,hated
2006,hateful
2007,hatefully
2008,hatefulness
2009,hater
2010,haters
2011,hates
2012,hating
2013,hatred
2014,haughtily
2015,haughty
2016,haunt
2017,haunting
2018,havoc
2019,hawkish
2020,haywire
2021,hazard
2022,hazardous
2023,haze
2024,hazy
2025,head-aches
2026,headache
2027,headaches
2028,heartbreaker
2029,heartbreaking
2030,heartbreakingly
2031,heartless
2032,heathen
2033,heavy-handed
2034,heavyhearted
2035,heck
2036,heckle
2037,heckled
2038,heckles
2039,hectic
2040,hedge
2041,hedonistic
2042,heedless
2043,hefty
2044,hegemony
2045,heinous
2046,hell
2047,hell-bent
2048,hellion
2049,hells
2050,helpless
2051,helplessly
2052,helplessness
2053,heresy
2054,heretic
2055,heretical
2056,hesitant
2057,hideous
2058,hideously
2059,hideousness
2060,high-priced
2061,hinder
2062,hindrance
2063,hiss
2064,hissed
2065,hissing
2066,ho-hum
2067,hoard
2068,hoax
2069,hobble
2070,hogs
2071,hollow
2072,hoodwink
2073,hooligan
2074,hopeless
2075,hopelessly
2076,hopelessness
2077,horde
2078,horrendous
2079,horrendously
2080,horrible
2081,horrid
2082,horrific
2083,horrified
2084,horrifies
2085,horrify
2086,horrifying
2087,hostage
2088,hostile
2089,hostilities
2090,hostility
2091,hotbeds
2092,hothead
2093,hotheaded
2094,hothouse
2095,hubris
2096,huckster
2097,hum
2098,humid
2099,humiliate
2100,humiliating
2101,humiliation
2102,humming
2103,hung
2104,hurt
2105,hurtful
2106,hurting
2107,hurts
2108,hustler
2109,hype
2110,hypocrisy
2111,hypocrite
2112,hypocrites
2113,hypocritical
2114,hypocritically
2115,hysteria
2116,hysteric
2117,hysterical
2118,hysterically
2119,hysterics
2120,haggard
2121,hard
2122,hard-hearted
2123,harmful
2124,hate
2125,hideous
2126,homely
2127,horrendous
2128,horrible
2129,hostile
2130,hurt
2131,hurtful
2132,idiocies
2133,idiocy
2134,idiot
2135,idiotic
2136,idiotically
2137,idiots
2138,idle
2139,ignoble
2140,ignominious
2141,ignominiously
2142,ignominy
2143,ignorance
2144,ignorant
2145,ignore
2146,ill-advised
2147,ill-conceived
2148,ill-defined
2149,ill-designed
2150,ill-fated
2151,ill-favored
2152,ill-formed
2153,ill-mannered
2154,ill-natured
2155,ill-sorted
2156,ill-tempered
2157,ill-treated
2158,ill-treatment
2159,ill-usage
2160,ill-used
2161,illegal
2162,illegally
2163,illegitimate
2164,illicit
2165,illiterate
2166,illness
2167,illogical
2168,illogically
2169,illusion
2170,illusions
2171,illusory
2172,imaginary
2173,imbalance
2174,imbecile
2175,imbroglio
2176,immaterial
2177,immature
2178,imminence
2179,imminently
2180,immobilized
2181,immoderate
2182,immoderately
2183,immodest
2184,immoral
2185,immorality
2186,immorally
2187,immovable
2188,impair
2189,impaired
2190,impasse
2191,impatience
2192,impatient
2193,impatiently
2194,impeach
2195,impedance
2196,impede
2197,impediment
2198,impending
2199,impenitent
2200,imperfect
2201,imperfection
2202,imperfections
2203,imperfectly
2204,imperialist
2205,imperil
2206,imperious
2207,imperiously
2208,impermissible
2209,impersonal
2210,impertinent
2211,impetuous
2212,impetuously
2213,impiety
2214,impinge
2215,impious
2216,implacable
2217,implausible
2218,implausibly
2219,implicate
2220,implication
2221,implode
2222,impolite
2223,impolitely
2224,impolitic
2225,importunate
2226,importune
2227,impose
2228,imposers
2229,imposing
2230,imposition
2231,impossible
2232,impossibly
2233,impotent
2234,impoverish
2235,impoverished
2236,impractical
2237,imprecate
2238,imprecise
2239,imprecisely
2240,imprecision
2241,imprison
2242,imprisonment
2243,improbability
2244,improbable
2245,improbably
2246,improper
2247,improperly
2248,impropriety
2249,imprudence
2250,imprudent
2251,impudence
2252,impudent
2253,impudently
2254,impugn
2255,impulsive
2256,impulsively
2257,impunity
2258,impure
2259,impurity
2260,inability
2261,inaccuracies
2262,inaccuracy
2263,inaccurate
2264,inaccurately
2265,inaction
2266,inactive
2267,inadequacy
2268,inadequate
2269,inadequately
2270,inadvisable
2271,inane
2272,inanely
2273,inappropriate
2274,inappropriately
2275,inapt
2276,inarticulate
2277,inattentive
2278,inaudible
2279,incapable
2280,incapably
2281,incautious
2282,incendiary
2283,incense
2284,incessant
2285,incessantly
2286,incite
2287,incitement
2288,incivility
2289,inclement
2290,incoherence
2291,incoherent
2292,incoherently
2293,incommensurate
2294,incomparable
2295,incomparably
2296,incompatibility
2297,incompatible
2298,incompetence
2299,incompetent
2300,incompetently
2301,incomplete
2302,incomprehensible
2303,incomprehension
2304,inconceivable
2305,inconceivably
2306,incongruous
2307,incongruously
2308,inconsequential
2309,inconsequentially
2310,inconsiderate
2311,inconsiderately
2312,inconsistencies
2313,inconsistency
2314,inconsistent
2315,inconsolable
2316,inconsolably
2317,inconstant
2318,inconvenience
2319,inconveniently
2320,incorrect
2321,incorrectly
2322,incorrigible
2323,incorrigibly
2324,incredulous
2325,incredulously
2326,inculcate
2327,indecency
2328,indecent
2329,indecently
2330,indecision
2331,indecisive
2332,indecisively
2333,indefensible
2334,indelicate
2335,indeterminable
2336,indeterminably
2337,indeterminate
2338,indifference
2339,indifferent
2340,indigent
2341,indignant
2342,indignantly
2343,indignation
2344,indignity
2345,indiscernible
2346,indiscreet
2347,indiscreetly
2348,indiscretion
2349,indiscriminate
2350,indiscriminately
2351,indistinguishable
2352,indoctrinate
2353,indoctrination
2354,indolent
2355,indulge
2356,ineffective
2357,ineffectively
2358,ineffectiveness
2359,ineffectual
2360,ineffectually
2361,inefficacy
2362,inefficiency
2363,inefficient
2364,inefficiently
2365,inelegance
2366,inelegant
2367,ineligible
2368,inept
2369,ineptitude
2370,ineptly
2371,inequalities
2372,inequality
2373,inequitable
2374,inequitably
2375,inequities
2376,inescapable
2377,inescapably
2378,inessential
2379,inevitable
2380,inevitably
2381,inexcusable
2382,inexcusably
2383,inexorable
2384,inexorably
2385,inexperience
2386,inexperienced
2387,inexpert
2388,inexpertly
2389,inexpiable
2390,inextricable
2391,inextricably
2392,infamous
2393,infamously
2394,infamy
2395,infected
2396,infection
2397,infections
2398,inferior
2399,inferiority
2400,infernal
2401,infest
2402,infested
2403,infidel
2404,infidels
2405,infiltrator
2406,infiltrators
2407,infirm
2408,inflame
2409,inflammation
2410,inflammatory
2411,inflated
2412,inflationary
2413,inflexible
2414,inflict
2415,infraction
2416,infringe
2417,infringement
2418,infringements
2419,infuriate
2420,infuriated
2421,infuriating
2422,infuriatingly
2423,inglorious
2424,ingrate
2425,ingratitude
2426,inhibit
2427,inhibition
2428,inhospitable
2429,inhuman
2430,inhumane
2431,inhumanity
2432,inimical
2433,inimically
2434,iniquitous
2435,iniquity
2436,injudicious
2437,injure
2438,injurious
2439,injury
2440,injustice
2441,injustices
2442,innuendo
2443,inoperable
2444,inopportune
2445,inordinate
2446,inordinately
2447,insane
2448,insanely
2449,insanity
2450,insatiable
2451,insecure
2452,insecurity
2453,insensible
2454,insensitive
2455,insensitively
2456,insensitivity
2457,insidious
2458,insidiously
2459,insignificance
2460,insignificant
2461,insignificantly
2462,insincere
2463,insincerely
2464,insincerity
2465,insinuate
2466,insinuating
2467,insinuation
2468,insolence
2469,insolent
2470,insolently
2471,insolvent
2472,insouciance
2473,instability
2474,instigate
2475,instigator
2476,instigators
2477,insubordinate
2478,insubstantial
2479,insubstantially
2480,insufferable
2481,insufferably
2482,insufficiency
2483,insufficient
2484,insufficiently
2485,insular
2486,insult
2487,insulted
2488,insulting
2489,insultingly
2490,insults
2491,insupportable
2492,insurmountable
2493,insurmountably
2494,insurrection
2495,intense
2496,interfere
2497,interference
2498,interferes
2499,intermittent
2500,interrupt
2501,interruption
2502,interruptions
2503,intimidate
2504,intimidating
2505,intimidatingly
2506,intimidation
2507,intolerable
2508,intolerance
2509,intoxicate
2510,intractable
2511,intransigence
2512,intransigent
2513,intrude
2514,intrusion
2515,intrusive
2516,inundate
2517,inundated
2518,invader
2519,invalid
2520,invalidate
2521,invalidity
2522,invasive
2523,invective
2524,inveigle
2525,invidious
2526,invidiously
2527,invidiousness
2528,invisible
2529,involuntarily
2530,involuntary
2531,irascible
2532,irate
2533,irately
2534,ire
2535,irk
2536,irked
2537,irking
2538,irks
2539,irksome
2540,irksomely
2541,irksomeness
2542,ironic
2543,ironical
2544,ironically
2545,ironies
2546,irony
2547,irrational
2548,irrationality
2549,irrationally
2550,irrationals
2551,irreconcilable
2552,irrecoverable
2553,irrecoverably
2554,irredeemable
2555,irredeemably
2556,irregular
2557,irregularity
2558,irrelevance
2559,irrelevant
2560,irreparable
2561,irrepressible
2562,irresolute
2563,irresponsible
2564,irresponsibly
2565,irretrievable
2566,irreversible
2567,irritable
2568,irritably
2569,irritant
2570,irritate
2571,irritated
2572,irritating
2573,irritation
2574,irritations
2575,isolate
2576,isolated
2577,isolation
2578,issue
2579,issues
2580,itch
2581,itching
2582,itchy
2583,icky
2584,ignore
2585,ignorant
2586,ill
2587,immature
2588,imperfect
2589,impossible
2590,inane
2591,inelegant
2592,infernal
2593,injure
2594,injurious
2595,insane
2596,insidious
2597,insipid
2598,impatient
2599,impolite
2600,impulsive
2601,inconsiderate
2602,inconsistent
2603,indecisive
2604,indiscreet
2605,inflexible
2606,interfering
2607,intolerant
2608,irresponsible
2609,jabber
2610,jaded
2611,jagged
2612,jam
2613,jarring
2614,jaundiced
2615,jealous
2616,jealously
2617,jealousness
2618,jealousy
2619,jeer
2620,jeering
2621,jeeringly
2622,jeers
2623,jeopardize
2624,jeopardy
2625,jerk
2626,jerky
2627,jitter
2628,jitters
2629,jittery
2630,job-killing
2631,jobless
2632,joke
2633,joker
2634,jolt
2635,judder
2636,juddering
2637,judders
2638,jumpy
2639,junk
2640,junky
2641,junkyard,jealous
2642,junky
2643,kill
2644,killed
2645,killer
2646,killing
2647,killjoy
2648,kills
2649,knave
2650,knife
2651,knock
2652,knotted
2653,kook
2654,kooky
2656,lack
2657,lackadaisical
2658,lacked
2659,lackey
2660,lackeys
2661,lacking
2662,lackluster
2663,lacks
2664,laconic
2665,lag
2666,lagged
2667,lagging
2668,lags
2669,laid-off
2670,lambast
2671,lambaste
2672,lame
2673,lame-duck
2674,lament
2675,lamentable
2676,lamentably
2677,languid
2678,languish
2679,languor
2680,languorous
2681,languorously
2682,lanky
2683,lapse
2684,lapsed
2685,lapses
2686,lascivious
2687,last-ditch
2688,latency
2689,laughable
2690,laughably
2691,laughingstock
2692,lawbreaker
2693,lawbreaking
2694,lawless
2695,lawlessness
2696,layoff
2697,layoff-happy
2698,lazy
2699,leak
2700,leakage
2701,leakages
2702,leaking
2703,leaks
2704,leaky
2705,lecher
2706,lecherous
2707,lechery
2708,leech
2709,leer
2710,leery
2711,left-leaning
2712,lemon
2713,lengthy
2714,less-developed
2715,lesser-known
2716,letch
2717,lethal
2718,lethargic
2719,lethargy
2720,lewd
2721,lewdly
2722,lewdness
2723,liability
2724,liable
2725,liar
2726,liars
2727,licentious
2728,licentiously
2729,licentiousness
2730,lie
2731,lied
2732,lies
2733,life-threatening
2734,lifeless
2735,limit
2736,limitation
2737,limitations
2738,limited
2739,limits
2740,limp
2741,listless
2742,litigious
2743,little-known
2744,livid
2745,lividly
2746,loath
2747,loathe
2748,loathing
2749,loathly
2750,loathsome
2751,loathsomely
2752,lone
2753,loneliness
2754,lonely
2755,loner
2756,lonesome
2757,long-time
2758,long-winded
2759,longing
2760,longingly
2761,loophole
2762,loopholes
2763,loose
2764,loot
2765,lose
2766,loser
2767,losers
2768,loses
2769,losing
2770,loss
2771,losses
2772,lost
2773,loud
2774,louder
2775,lousy
2776,loveless
2777,lovelorn
2778,low-rated
2779,lowly
2780,ludicrous
2781,ludicrously
2782,lugubrious
2783,lukewarm
2784,lull
2785,lumpy
2786,lunatic
2787,lurch
2788,lure
2789,lurid
2790,lurk
2791,lurking
2792,lying
2793,lose
2794,lousy
2795,lumpy
2796,macabre
2797,mad
2798,madden
2799,maddening
2800,maddeningly
2801,madder
2802,madly
2803,madman
2804,madness
2805,maladjusted
2806,maladjustment
2807,malady
2808,malaise
2809,malcontent
2810,malcontented
2811,maledict
2812,malevolence
2813,malevolent
2814,malevolently
2815,malice
2816,malicious
2817,maliciously
2818,maliciousness
2819,malign
2820,malignant
2821,malodorous
2822,maltreatment
2823,mangle
2824,mangled
2825,mangles
2826,mangling
2827,mania
2828,maniac
2829,maniacal
2830,manic
2831,manipulate
2832,manipulation
2833,manipulative
2834,manipulators
2835,mar
2836,marginal
2837,marginally
2838,martyrdom
2839,martyrdom-seeking
2840,mashed
2841,massacre
2842,massacres
2843,matte
2844,mawkish
2845,mawkishly
2846,mawkishness
2847,meager
2848,meaningless
2849,meanness
2850,measly
2851,meddle
2852,meddlesome
2853,mediocre
2854,mediocrity
2855,melancholy
2856,melodramatic
2857,melodramatically
2858,meltdown
2859,menace
2860,menacing
2861,menacingly
2862,mendacious
2863,mendacity
2864,menial
2865,merciless
2866,mercilessly
2867,mess
2868,messed
2869,messes
2870,messing
2871,messy
2872,midget
2873,miff
2874,militancy
2875,mindless
2876,mindlessly
2877,mirage
2878,mire
2879,misalign
2880,misaligned
2881,misaligns
2882,misapprehend
2883,misbecome
2884,misbecoming
2885,misbegotten
2886,misbehave
2887,misbehavior
2888,miscalculate
2889,miscalculation
2890,miscellaneous
2891,mischief
2892,mischievous
2893,mischievously
2894,misconception
2895,misconceptions
2896,miscreant
2897,miscreants
2898,misdirection
2899,miser
2900,miserable
2901,miserableness
2902,miserably
2903,miseries
2904,miserly
2905,misery
2906,misfit
2907,misfortune
2908,misgiving
2909,misgivings
2910,misguidance
2911,misguide
2912,misguided
2913,mishandle
2914,mishap
2915,misinform
2916,misinformed
2917,misinterpret
2918,misjudge
2919,misjudgment
2920,mislead
2921,misleading
2922,misleadingly
2923,mismanage
2924,mispronounce
2925,mispronounced
2926,mispronounces
2927,misread
2928,misreading
2929,misrepresent
2930,misrepresentation
2931,miss
2932,missed
2933,misses
2934,misstatement
2935,mist
2936,mistake
2937,mistaken
2938,mistakenly
2939,mistakes
2940,mistress
2941,mistrust
2942,mistrustful
2943,mistrustfully
2944,mists
2945,misunderstand
2946,misunderstanding
2947,misunderstandings
2948,misunderstood
2949,misuse
2950,moan
2951,mobster
2952,mock
2953,mocked
2954,mockeries
2955,mockery
2956,mocking
2957,mockingly
2958,mocks
2959,molest
2960,molestation
2961,monotonous
2962,monotony
2963,monster
2964,monstrosities
2965,monstrosity
2966,monstrous
2967,monstrously
2968,moody
2969,moot
2970,mope
2971,morbid
2972,morbidly
2973,mordant
2974,mordantly
2975,moribund
2976,moron
2977,moronic
2978,morons
2979,mortification
2980,mortified
2981,mortify
2982,mortifying
2983,motionless
2984,motley
2985,mourn
2986,mourner
2987,mournful
2988,mournfully
2989,muddle
2990,muddy
2991,mudslinger
2992,mudslinging
2993,mulish
2994,multi-polarization
2995,mundane
2996,murder
2997,murderer
2998,murderous
2999,murderously
3000,murky
3001,muscle-flexing
3002,mushy
3003,musty
3004,mysterious
3005,mysteriously
3006,mystery
3007,mystify
3008,myth
3009,malicious
3010,mean
3011,menacing
3012,messy
3013,misshapen
3014,missing
3015,misunderstood
3016,moan
3017,moldy
3018,monstrous
3019,nag
3020,nagging
3021,naive
3022,naively
3023,narrower
3024,nastily
3025,nastiness
3026,nasty
3027,naughty
3028,nauseate
3029,nauseates
3030,nauseating
3031,nauseatingly
3032,naïve
3033,nebulous
3034,nebulously
3035,needless
3036,needlessly
3037,needy
3038,nefarious
3039,nefariously
3040,negate
3041,negation
3042,negative
3043,negatives
3044,negativity
3045,neglect
3046,neglected
3047,negligence
3048,negligent
3049,nemesis
3050,nepotism
3051,nervous
3052,nervously
3053,nervousness
3054,nettle
3055,nettlesome
3056,neurotic
3057,neurotically
3058,niggle
3059,niggles
3060,nightmare
3061,nightmarish
3062,nightmarishly
3063,nitpick
3064,nitpicking
3065,noise
3066,noises
3067,noisier
3068,noisy
3069,non-confidence
3070,nonexistent
3071,nonresponsive
3072,nonsense
3073,nosey
3074,notoriety
3075,notorious
3076,notoriously
3077,noxious
3078,nuisance
3079,numb
3080,naive
3081,nasty
3082,naughty
3083,negate
3084,negative
3085,never
3086,no
3087,nobody
3088,nondescript
3089,nonsense
3090,not
3091,noxious
3092,narrow-minded
3093,nasty
3094,naughty
3095,nervous
3096,obese
3097,object
3098,objection
3099,objectionable
3100,objections
3101,oblique
3102,obliterate
3103,obliterated
3104,oblivious
3105,obnoxious
3106,obnoxiously
3107,obscene
3108,obscenely
3109,obscenity
3110,obscure
3111,obscured
3112,obscures
3113,obscurity
3114,obsess
3115,obsessive
3116,obsessively
3117,obsessiveness
3118,obsolete
3119,obstacle
3120,obstinate
3121,obstinately
3122,obstruct
3123,obstructed
3124,obstructing
3125,obstruction
3126,obstructs
3127,obtrusive
3128,obtuse
3129,occlude
3130,occluded
3131,occludes
3132,occluding
3133,odd
3134,odder
3135,oddest
3136,oddities
3137,oddity
3138,oddly
3139,odor
3140,offence
3141,offend
3142,offender
3143,offending
3144,offenses
3145,offensive
3146,offensively
3147,offensiveness
3148,officious
3149,ominous
3150,ominously
3151,omission
3152,omit
3153,one-sided
3154,onerous
3155,onerously
3156,onslaught
3157,opinionated
3158,opponent
3159,opportunistic
3160,oppose
3161,opposition
3162,oppositions
3163,oppress
3164,oppression
3165,oppressive
3166,oppressively
3167,oppressiveness
3168,oppressors
3169,ordeal
3170,orphan
3171,ostracize
3172,outbreak
3173,outburst
3174,outbursts
3175,outcast
3176,outcry
3177,outlaw
3178,outmoded
3179,outrage
3180,outraged
3181,outrageous
3182,outrageously
3183,outrageousness
3184,outrages
3185,outsider
3186,over-acted
3187,over-awe
3188,over-balanced
3189,over-hyped
3190,over-priced
3191,over-valuation
3192,overact
3193,overacted
3194,overawe
3195,overbalance
3196,overbalanced
3197,overbearing
3198,overbearingly
3199,overblown
3200,overdo
3201,overdone
3202,overdue
3203,overemphasize
3204,overheat
3205,overkill
3206,overloaded
3207,overlook
3208,overpaid
3209,overplay
3210,overpower
3211,overpriced
3212,overrated
3213,overreach
3214,overrun
3215,overshadow
3216,oversight
3217,oversights
3218,oversimplification
3219,oversimplified
3220,oversimplify
3221,oversize
3222,overstate
3223,overstated
3224,overstatement
3225,overstatements
3226,overstates
3227,overtaxed
3228,overthrow
3229,overthrows
3230,overturn
3231,overweight
3232,overwhelm
3233,overwhelmed
3234,overwhelming
3235,overwhelmingly
3236,overwhelms
3237,overzealous
3238,overzealously
3239,objectionable
3240,odious
3241,offensive
3242,old
3243,oppressive
3244,obsessive
3245,obstinate
3246,overcritical
3247,overemotional
3248,pain
3249,painful
3250,painfully
3251,pains
3252,pale
3253,pales
3254,paltry
3255,pan
3256,pandemonium
3257,pander
3258,pandering
3259,panders
3260,panic
3261,panicked
3262,panicking
3263,panicky
3264,paradoxical
3265,paradoxically
3266,paralyzed
3267,paranoia
3268,paranoid
3269,parasite
3270,pariah
3271,parody
3272,partiality
3273,partisan
3274,partisans
3275,passive
3276,passiveness
3277,pathetic
3278,pathetically
3279,patronize
3280,paucity
3281,pauper
3282,paupers
3283,payback
3284,peculiar
3285,peculiarly
3286,pedantic
3287,peeled
3288,peeve
3289,peeved
3290,peevish
3291,peevishly
3292,penalize
3293,penalty
3294,perfidious
3295,perfunctory
3296,peril
3297,perilous
3298,perilously
3299,perish
3300,pernicious
3301,perplex
3302,perplexed
3303,perplexing
3304,perplexity
3305,persecute
3306,persecution
3307,pertinacious
3308,pertinaciously
3309,pertinacity
3310,perturb
3311,perturbed
3312,pervasive
3313,perverse
3314,perversely
3315,perversion
3316,perversity
3317,pervert
3318,perverted
3319,perverts
3320,pessimism
3321,pessimistic
3322,pessimistically
3323,pest
3324,pestilent
3325,petrified
3326,petrify
3327,pettifog
3328,petty
3329,phobia
3330,phobic
3331,phony
3332,picket
3333,picketed
3334,picketing
3335,pickets
3336,picky
3337,pig
3338,pigs
3339,pillage
3340,pillory
3341,pimple
3342,pinch
3343,pique
3344,pitiable
3345,pitiful
3346,pitifully
3347,pitiless
3348,pitilessly
3349,pittance
3350,pity
3351,plagiarize
3352,plague
3353,plaything
3354,plea
3355,pleas
3356,plebeian
3357,plight
3358,plot
3359,plotters
3360,ploy
3361,plunder
3362,plunderer
3363,pointless
3364,pointlessly
3365,poison
3366,poisonous
3367,poisonously
3368,pokey
3369,poky
3370,pollute
3371,polluter
3372,polluters
3373,pompous
3374,poor
3375,poorer
3376,poorest
3377,poorly
3378,posturing
3379,pout
3380,poverty
3381,powerless
3382,prate
3383,pratfall
3384,prattle
3385,precarious
3386,precariously
3387,precipitate
3388,precipitous
3389,predatory
3390,predicament
3391,prejudge
3392,prejudice
3393,prejudices
3394,prejudicial
3395,premeditated
3396,preoccupy
3397,preposterous
3398,preposterously
3399,presumptuous
3400,presumptuously
3401,pretend
3402,pretense
3403,pretentious
3404,pretentiously
3405,prevaricate
3406,pricey
3407,pricier
3408,prick
3409,prickle
3410,prickles
3411,prideful
3412,primitive
3413,prison
3414,prisoner
3415,problem
3416,problematic
3417,problems
3418,procrastinate
3419,procrastinates
3420,procrastination
3421,profane
3422,profanity
3423,prohibit
3424,prohibitive
3425,prohibitively
3426,propaganda
3427,propagandize
3428,proprietary
3429,prosecute
3430,protest
3431,protested
3432,protesting
3433,protests
3434,protracted
3435,provocation
3436,provocative
3437,provoke
3438,pry
3439,pugnacious
3440,pugnaciously
3441,pugnacity
3442,punch
3443,punish
3444,punishable
3445,punitive
3446,punk
3447,puny
3448,puppet
3449,puppets
3450,puzzled
3451,puzzlement
3452,puzzling
3453,pain
3454,perturb
3455,pessimistic
3456,petty
3457,plain
3458,poisonous
3459,poor
3460,prejudice
3461,parsimonious
3462,patronizing
3463,perverse
3464,pessimistic
3465,pompous
3466,possessive
3467,pusillanimous
3468,quack
3469,qualm
3470,qualms
3471,quandary
3472,quarrel
3473,quarrels
3474,quarrelsome
3475,quash
3476,queer
3477,questionable
3478,quibble
3479,quibbles
3480,quitter
3481,questionable
3482,quirky
3483,quit
3484,quarrelsome
3485,quick-tempered
3486,rabid
3487,racism
3488,racist
3489,racists
3490,racy
3491,radical
3492,radicalization
3493,radically
3494,radicals
3495,rage
3496,ragged
3497,raging
3498,rail
3499,raked
3500,rampage
3501,rampant
3502,ramshackle
3503,rancor
3504,randomly
3505,rankle
3506,rant
3507,ranted
3508,ranting
3509,rants
3510,rape
3511,raped
3512,raping
3513,rascal
3514,rascals
3515,rash
3516,rattle
3517,rattled
3518,rattles
3519,ravage
3520,raving
3521,reactionary
3522,rebellious
3523,rebuff
3524,rebuke
3525,recalcitrant
3526,recant
3527,recession
3528,recessionary
3529,reckless
3530,recklessly
3531,recklessness
3532,recoil
3533,recourses
3534,redundancy
3535,redundant
3536,refusal
3537,refuse
3538,refused
3539,refuses
3540,refusing
3541,refutation
3542,refute
3543,refuted
3544,refutes
3545,refuting
3546,regress
3547,regression
3548,regressive
3549,regret
3550,regretful
3551,regretfully
3552,regrets
3553,regrettable
3554,regrettably
3555,regretted
3556,reject
3557,rejected
3558,rejecting
3559,rejection
3560,rejects
3561,relapse
3562,relentless
3563,relentlessly
3564,relentlessness
3565,reluctance
3566,reluctant
3567,reluctantly
3568,remorse
3569,remorseful
3570,remorsefully
3571,remorseless
3572,remorselessly
3573,remorselessness
3574,renounce
3575,renunciation
3576,repel
3577,repetitive
3578,reprehensible
3579,reprehensibly
3580,reprehension
3581,reprehensive
3582,repress
3583,repression
3584,repressive
3585,reprimand
3586,reproach
3587,reproachful
3588,reprove
3589,reprovingly
3590,repudiate
3591,repudiation
3592,repugnance
3593,repugnant
3594,repugnantly
3595,repulse
3596,repulsed
3597,repulsing
3598,repulsive
3599,repulsively
3600,repulsiveness
3601,resent
3602,resentful
3603,resentment
3604,resignation
3605,resigned
3606,resistance
3607,restless
3608,restlessness
3609,restrict
3610,restricted
3611,restriction
3612,restrictive
3613,resurgent
3614,retaliate
3615,retaliatory
3616,retard
3617,retarded
3618,retards
3619,reticent
3620,retract
3621,retreat
3622,retreated
3623,revenge
3624,revengeful
3625,revengefully
3626,revert
3627,revile
3628,reviled
3629,revoke
3630,revolt
3631,revolting
3632,revoltingly
3633,revulsion
3634,revulsive
3635,rhapsodize
3636,rhetoric
3637,rhetorical
3638,ricer
3639,ridicule
3640,ridicules
3641,ridiculous
3642,ridiculously
3643,rife
3644,rift
3645,rifts
3646,rigid
3647,rigidity
3648,rigidness
3649,rile
3650,riled
3651,rip
3652,rip-off
3653,ripped
3654,risk
3655,risks
3656,risky
3657,rival
3658,rivalry
3659,roadblocks
3660,rocky
3661,rogue
3662,rollercoaster
3663,rot
3664,rotten
3665,rough
3666,rubbish
3667,rude
3668,rue
3669,ruffian
3670,ruffle
3671,ruin
3672,ruined
3673,ruining
3674,ruinous
3675,ruins
3676,rumbling
3677,rumor
3678,rumors
3679,rumple
3680,run-down
3681,runaway
3682,rupture
3683,rust
3684,rusts
3685,rusty
3686,rut
3687,ruthless
3688,ruthlessly
3689,ruthlessness
3690,ruts,reject
3691,renege
3692,repellant
3693,reptilian
3694,repulsive
3695,repugnant
3696,revenge
3697,revolting
3698,rocky
3699,rotten
3700,rude
3701,ruthless
3702,resentful
3703,rude
3704,ruthless
3705,sabotage
3706,sack
3707,sacrificed
3708,sad
3709,sadden
3710,sadly
3711,sadness
3712,sag
3713,sagged
3714,sagging
3715,saggy
3716,sags
3717,salacious
3718,sanctimonious
3719,sap
3720,sarcasm
3721,sarcastic
3722,sarcastically
3723,sardonic
3724,sardonically
3725,sass
3726,satirical
3727,satirize
3728,savage
3729,savaged
3730,savagery
3731,savages
3732,scaly
3733,scam
3734,scams
3735,scandal
3736,scandalize
3737,scandalized
3738,scandalous
3739,scandalously
3740,scandals
3741,scant
3742,scapegoat
3743,scar
3744,scarce
3745,scarcely
3746,scarcity
3747,scare
3748,scared
3749,scarier
3750,scariest
3751,scarily
3752,scarred
3753,scars
3754,scary
3755,scathing
3756,scathingly
3757,scoff
3758,scold
3759,scolded
3760,scolding
3761,scorching
3762,scorn
3763,scornful
3764,scornfully
3765,scoundrel
3766,scourge
3767,scowl
3768,scramble
3769,scrambled
3770,scrambles
3771,scrambling
3772,scrap
3773,scratch
3774,scratched
3775,scratches
3776,scratchy
3777,scream
3778,screech
3779,screw-up
3780,screwed
3781,screwed-up
3782,screwy
3783,scuff
3784,scuffs
3785,scum
3786,scummy
3787,second-class
3788,second-tier
3789,secretive
3790,sedentary
3791,seedy
3792,seethe
3793,seething
3794,self-coup
3795,self-criticism
3796,self-defeating
3797,self-destructive
3798,self-humiliation
3799,self-interest
3800,self-interested
3801,self-serving
3802,selfish
3803,selfishly
3804,selfishness
3805,semi-retarded
3806,senile
3807,sensationalize
3808,senseless
3809,senselessly
3810,seriousness
3811,sermonize
3812,servitude
3813,set-up
3814,setback
3815,setbacks
3816,sever
3817,severe
3818,severity
3819,shabby
3820,shadowy
3821,shady
3822,shake
3823,shaky
3824,shallow
3825,sham
3826,shambles
3827,shame
3828,shameful
3829,shamefully
3830,shamefulness
3831,shameless
3832,shamelessly
3833,shamelessness
3834,shark
3835,sharply
3836,shatter
3837,shimmer
3838,shimmy
3839,shipwreck
3840,shirk
3841,shirker
3842,shit
3843,shiver
3844,shock
3845,shocked
3846,shocking
3847,shockingly
3848,shoddy
3849,short-lived
3850,shortage
3851,shortchange
3852,shortcoming
3853,shortcomings
3854,shortness
3855,shortsighted
3856,shortsightedness
3857,showdown
3858,shrew
3859,shriek
3860,shrill
3861,shrilly
3862,shrivel
3863,shroud
3864,shrouded
3865,shrug
3866,shun
3867,shunned
3868,sick
3869,sicken
3870,sickening
3871,sickeningly
3872,sickly
3873,sickness
3874,sidetrack
3875,sidetracked
3876,siege
3877,silly
3878,simplistic
3879,simplistically
3880,sin
3881,sinful
3882,sinfully
3883,sinister
3884,sinisterly
3885,sink
3886,sinking
3887,skeletons
3888,skeptic
3889,skeptical
3890,skeptically
3891,skepticism
3892,sketchy
3893,skimpy
3894,skinny
3895,skittish
3896,skittishly
3897,skulk
3898,slack
3899,slander
3900,slanderer
3901,slanderous
3902,slanderously
3903,slanders
3904,slap
3905,slashing
3906,slaughter
3907,slaughtered
3908,slave
3909,slaves
3910,sleazy
3911,slime
3912,slog
3913,slogged
3914,slogging
3915,slogs
3916,sloppily
3917,sloppy
3918,sloth
3919,slothful
3920,slow
3921,slow-moving
3922,slowed
3923,slower
3924,slowest
3925,slowly
3926,slug
3927,sluggish
3928,slump
3929,slumping
3930,slur
3931,slut
3932,sluts
3933,sly
3934,smack
3935,smallish
3936,smash
3937,smear
3938,smell
3939,smelled
3940,smelling
3941,smells
3942,smelly
3943,smelt
3944,smoke
3945,smokescreen
3946,smolder
3947,smoldering
3948,smother
3949,smudge
3950,smudged
3951,smudges
3952,smudging
3953,smug
3954,smugly
3955,smut
3956,smuttier
3957,smuttiest
3958,smutty
3959,snag
3960,snagged
3961,snagging
3962,snags
3963,snappish
3964,snappishly
3965,snare
3966,snarky
3967,snarl
3968,sneak
3969,sneakily
3970,sneaky
3971,sneer
3972,sneering
3973,sneeringly
3974,snob
3975,snobbish
3976,snobby
3977,snobs
3978,snub
3979,soapy
3980,sob
3981,sober
3982,sobering
3983,solemn
3984,solicitude
3985,somber
3986,sore
3987,sorely
3988,soreness
3989,sorrow
3990,sorrowful
3991,sorrowfully
3992,sorry
3993,sour
3994,sourly
3995,spade
3996,spank
3997,spew
3998,spewed
3999,spewing
4000,spews
4001,spilling
4002,spinster
4003,spiritless
4004,spite
4005,spiteful
4006,spitefully
4007,spitefulness
4008,splatter
4009,split
4010,splitting
4011,spoil
4012,spoilage
4013,spoilages
4014,spoiled
4015,spoils
4016,spook
4017,spookier
4018,spookiest
4019,spookily
4020,spooky
4021,spoon-fed
4022,spoon-feed
4023,sporadic
4024,spotty
4025,spurious
4026,spurn
4027,sputter
4028,squabble
4029,squabbling
4030,squander
4031,squash
4032,squeak
4033,squeaks
4034,squeaky
4035,squeal
4036,squealing
4037,squeals
4038,squirm
4039,stab
4040,stagnant
4041,stagnate
4042,stagnation
4043,staid
4044,stain
4045,stains
4046,stale
4047,stalemate
4048,stall
4049,stalls
4050,stammer
4051,stampede
4052,standstill
4053,stark
4054,starkly
4055,startle
4056,startling
4057,startlingly
4058,starvation
4059,starve
4060,static
4061,steal
4062,stealing
4063,steals
4064,steep
4065,steeply
4066,stench
4067,stereotype
4068,stereotypical
4069,stereotypically
4070,stern
4071,stew
4072,sticky
4073,stiff
4074,stiffness
4075,stifle
4076,stifling
4077,stiflingly
4078,stigma
4079,stigmatize
4080,sting
4081,stinging
4082,stingingly
4083,stingy
4084,stink
4085,stinks
4086,stodgy
4087,stole
4088,stolen
4089,stooge
4090,stooges
4091,stormy
4092,straggle
4093,straggler
4094,strain
4095,strained
4096,straining
4097,strange
4098,strangely
4099,stranger
4100,strangest
4101,strangle
4102,streaky
4103,strenuous
4104,stress
4105,stresses
4106,stressful
4107,stressfully
4108,stricken
4109,strict
4110,strictly
4111,strident
4112,stridently
4113,strife
4114,strike
4115,stringent
4116,stringently
4117,struck
4118,struggle
4119,struggled
4120,struggles
4121,struggling
4122,strut
4123,stubborn
4124,stubbornly
4125,stubbornness
4126,stuck
4127,stuffy
4128,stumble
4129,stumbled
4130,stumbles
4131,stump
4132,stumped
4133,stumps
4134,stun
4135,stunt
4136,stunted
4137,stupid
4138,stupidest
4139,stupidity
4140,stupidly
4141,stupor
4142,stutter
4143,stuttered
4144,stuttering
4145,stutters
4146,sty
4147,stymied
4148,sub-par
4149,subdued
4150,subjected
4151,subjection
4152,subjugate
4153,subjugation
4154,submissive
4155,subordinate
4156,subpoena
4157,subpoenas
4158,subservience
4159,subservient
4160,substandard
4161,subtract
4162,subversion
4163,subversive
4164,subversively
4165,subvert
4166,succumb
4167,suck
4168,sucked
4169,sucker
4170,sucks
4171,sucky
4172,sue
4173,sued
4174,sues
4175,suffer
4176,suffered
4177,sufferer
4178,sufferers
4179,suffering
4180,suffers
4181,suffocate
4182,sugar-coat
4183,sugar-coated
4184,sugarcoated
4185,suicidal
4186,suicide
4187,sulk
4188,sullen
4189,sully
4190,sunder
4191,sunk
4192,sunken
4193,superficial
4194,superficiality
4195,superficially
4196,superfluous
4197,superstition
4198,superstitious
4199,suppress
4200,suppression
4201,surrender
4202,susceptible
4203,suspect
4204,suspicion
4205,suspicions
4206,suspicious
4207,suspiciously
4208,swagger
4209,swamped
4210,sweaty
4211,swelled
4212,swelling
4213,swindle
4214,swipe
4215,swollen
4216,symptom
4217,symptoms
4218,syndrome
4219,sad
4220,savage
4221,scare
4222,scary
4223,scream
4224,severe
4225,shoddy
4226,shocking
4227,sick
4228,sickening
4229,sinister
4230,slimy
4231,smelly
4232,sobbing
4233,sorry
4234,spiteful
4235,sticky
4236,stinky
4237,stormy
4238,stressful
4239,stuck
4240,stupid
4241,substandard
4242,suspect
4243,suspicious
4244,sarcastic
4245,secretive
4246,selfish
4247,self-centred
4248,self-indulgent
4249,silly
4250,sneaky
4251,stingy
4252,stubborn
4253,stupid
4254,superficial
4255,taboo
4256,tacky
4257,taint
4258,tainted
4259,tamper
4260,tangle
4261,tangled
4262,tangles
4263,tank
4264,tanked
4265,tanks
4266,tantrum
4267,tardy
4268,tarnish
4269,tarnished
4270,tarnishes
4271,tarnishing
4272,tattered
4273,taunt
4274,taunting
4275,tauntingly
4276,taunts
4277,taut
4278,tawdry
4279,taxing
4280,tease
4281,teasingly
4282,tedious
4283,tediously
4284,temerity
4285,temper
4286,tempest
4287,temptation
4288,tenderness
4289,tense
4290,tension
4291,tentative
4292,tentatively
4293,tenuous
4294,tenuously
4295,tepid
4296,terrible
4297,terribleness
4298,terribly
4299,terror
4300,terror-genic
4301,terrorism
4302,terrorize
4303,testily
4304,testy
4305,tetchily
4306,tetchy
4307,thankless
4308,thicker
4309,thirst
4310,thorny
4311,thoughtless
4312,thoughtlessly
4313,thoughtlessness
4314,thrash
4315,threat
4316,threaten
4317,threatening
4318,threats
4319,threesome
4320,throb
4321,throbbed
4322,throbbing
4323,throbs
4324,throttle
4325,thug
4326,thumb-down
4327,thumbs-down
4328,thwart
4329,time-consuming
4330,timid
4331,timidity
4332,timidly
4333,tin-y
4334,tingled
4335,tingling
4336,tired
4337,tiresome
4338,tiring
4339,tiringly
4340,toil
4341,toll
4342,top-heavy
4343,topple
4344,torment
4345,tormented
4346,torrent
4347,tortuous
4348,torture
4349,tortured
4350,tortures
4351,torturing
4352,torturous
4353,torturously
4354,totalitarian
4355,touchy
4356,toughness
4357,tout
4358,touted
4359,touts
4360,toxic
4361,traduce
4362,tragedy
4363,tragic
4364,tragically
4365,traitor
4366,traitorous
4367,traitorously
4368,tramp
4369,trample
4370,transgress
4371,transgression
4372,trap
4373,trapped
4374,trash
4375,trashed
4376,trashy
4377,trauma
4378,traumatic
4379,traumatically
4380,traumatize
4381,traumatized
4382,travesties
4383,travesty
4384,treacherous
4385,treacherously
4386,treachery
4387,treason
4388,treasonous
4389,trick
4390,tricked
4391,trickery
4392,tricky
4393,trivial
4394,trivialize
4395,trouble
4396,troubled
4397,troublemaker
4398,troubles
4399,troublesome
4400,troublesomely
4401,troubling
4402,troublingly
4403,truant
4404,tumble
4405,tumbled
4406,tumbles
4407,tumultuous
4408,turbulent
4409,turmoil
4410,twist
4411,twisted
4412,twists
4413,two-faced
4414,two-faces
4415,tyrannical
4416,tyrannically
4417,tyranny
4418,tyrant
4419,tense
4420,terrible
4421,terrifying
4422,threatening
4423,tactless
4424,timid
4425,touchy
4426,thoughtless
4427,truculent
4428,ugh
4429,uglier
4430,ugliest
4431,ugliness
4432,ugly
4433,ulterior
4434,ultimatum
4435,ultimatums
4436,ultra-hardline
4437,un-viewable
4438,unable
4439,unacceptable
4440,unacceptably
4441,unaccustomed
4442,unachievable
4443,unaffordable
4444,unappealing
4445,unattractive
4446,unauthentic
4447,unavailable
4448,unavoidably
4449,unbearable
4450,unbelievable
4451,unbelievably
4452,uncaring
4453,uncertain
4454,uncivil
4455,uncivilized
4456,unclean
4457,unclear
4458,uncollectible
4459,uncomfortable
4460,uncomfortably
4461,uncompetitive
4462,uncompromising
4463,uncompromisingly
4464,unconfirmed
4465,unconstitutional
4466,uncontrolled
4467,unconvincing
4468,unconvincingly
4469,uncooperative
4470,uncouth
4471,uncreative
4472,undecided
4473,undefined
4474,undependability
4475,undependable
4476,undercut
4477,undercuts
4478,undercutting
4479,underdog
4480,underestimate
4481,underlings
4482,undermine
4483,undermined
4484,undermines
4485,undermining
4486,underpaid
4487,underpowered
4488,undersized
4489,undesirable
4490,undetermined
4491,undid
4492,undignified
4493,undissolved
4494,undocumented
4495,undone
4496,undue
4497,unease
4498,uneasily
4499,uneasiness
4500,uneasy
4501,uneconomical
4502,unemployed
4503,unequal
4504,unethical
4505,uneven
4506,uneventful
4507,unexpected
4508,unexpectedly
4509,unexplained
4510,unfairly
4511,unfaithful
4512,unfaithfully
4513,unfamiliar
4514,unfavorable
4515,unfeeling
4516,unfinished
4517,unfit
4518,unforeseen
4519,unforgiving
4520,unfortunate
4521,unfortunately
4522,unfounded
4523,unfriendly
4524,unfulfilled
4525,unfunded
4526,ungovernable
4527,ungrateful
4528,unhappily
4529,unhappiness
4530,unhappy
4531,unhealthy
4532,unhelpful
4533,unilateralism
4534,unimaginable
4535,unimaginably
4536,unimportant
4537,uninformed
4538,uninsured
4539,unintelligible
4540,unipolar
4541,unjust
4542,unjustifiable
4543,unjustifiably
4544,unjustified
4545,unjustly
4546,unkind
4547,unkindly
4548,unknown
4549,unlawful
4550,unlawfully
4551,unlawfulness
4552,unleash
4553,unlicensed
4554,unlikely
4555,unlucky
4556,unmoved
4557,unnatural
4558,unnaturally
4559,unnecessary
4560,unneeded
4561,unnerve
4562,unnerved
4563,unnerving
4564,unnervingly
4565,unnoticed
4566,unobserved
4567,unorthodox
4568,unorthodoxy
4569,unpleasant
4570,unpopular
4571,unpredictable
4572,unprepared
4573,unproductive
4574,unprofitable
4575,unproved
4576,unproven
4577,unqualified
4578,unravel
4579,unraveled
4580,unreachable
4581,unreadable
4582,unrealistic
4583,unreasonable
4584,unreasonably
4585,unrelenting
4586,unrelentingly
4587,unreliability
4588,unreliable
4589,unresolved
4590,unresponsive
4591,unrest
4592,unruly
4593,unsafe
4594,unsatisfactory
4595,unsavory
4596,unscrupulous
4597,unscrupulously
4598,unsecure
4599,unseemly
4600,unsettle
4601,unsettled
4602,unsettling
4603,unsettlingly
4604,unskilled
4605,unsophisticated
4606,unsound
4607,unspeakable
4608,unspecified
4609,unstable
4610,unsteadily
4611,unsteadiness
4612,unsteady
4613,unsuccessful
4614,unsuccessfully
4615,unsupported
4616,unsupportive
4617,unsure
4618,unsuspecting
4619,unsustainable
4620,untenable
4621,untested
4622,unthinkable
4623,unthinkably
4624,untimely
4625,untouched
4626,untrue
4627,untrustworthy
4628,untruthful
4629,unusable
4630,unusably
4631,unusual
4632,unusually
4633,unwanted
4634,unwarranted
4635,unwatchable
4636,unwelcome
4637,unwell
4638,unwieldy
4639,unwilling
4640,unwillingly
4641,unwillingness
4642,unwise
4643,unwisely
4644,unworkable
4645,unworthy
4646,unyielding
4647,upbraid
4648,upheaval
4649,uprising
4650,uproar
4651,uproarious
4652,uproariously
4653,uproot
4654,upset
4655,upsets
4656,upsetting
4657,upsettingly
4658,urgent
4659,useless
4660,usurp
4661,usurper
4662,utterly
4663,ugly
4664,undermine
4665,unfair
4666,unfavorable
4667,unhappy
4668,unhealthy
4669,unjust
4670,unlucky
4671,unpleasant
4672,upset
4673,unsatisfactory
4674,unsightly
4675,untoward
4676,unwanted
4677,unwelcome
4678,unwholesome
4679,unwieldy
4680,unwise
4681,upset
4682,unkind
4683,unpredictable
4684,unreliable
4685,untidy
4686,untrustworthy
4687,vagrant
4688,vague
4689,vagueness
4690,vain
4691,vainly
4692,vanity
4693,vehement
4694,vehemently
4695,vengeance
4696,vengeful
4697,vengefully
4698,vengefulness
4699,venom
4700,venomous
4701,venomously
4702,vent
4703,vestiges
4704,vex
4705,vexation
4706,vexing
4707,vexingly
4708,vibrate
4709,vibrated
4710,vibrates
4711,vibrating
4712,vibration
4713,vice
4714,vicious
4715,viciously
4716,viciousness
4717,victimize
4718,vile
4719,vileness
4720,vilify
4721,villainous
4722,villainously
4723,villains
4724,vindictive
4725,vindictively
4726,vindictiveness
4727,violate
4728,violation
4729,violator
4730,violators
4731,violent
4732,violently
4733,viper
4734,virulence
4735,virulent
4736,virulently
4737,virus
4738,vociferous
4739,vociferously
4740,volatile
4741,volatility
4742,vomit
4743,vomited
4744,vomiting
4745,vomits
4746,vulgar
4747,vulnerable.
4748,vice
4749,vicious
4750,vile
4751,villainous
4752,vindictive
4753,vague
4754,vain
4755,vengeful
4756,vulgar
4757,wail
4758,wallow
4759,wane
4760,waning
4761,wanton
4762,war-like
4763,warily
4764,wariness
4765,warlike
4766,warned
4767,warning
4768,warp
4769,warped
4770,wary
4771,washed-out
4772,waste
4773,wasted
4774,wasteful
4775,wastefulness
4776,wasting
4777,water-down
4778,watered-down
4779,wayward
4780,weak
4781,weaken
4782,weakening
4783,weaker
4784,weakness
4785,weaknesses
4786,weariness
4787,wearisome
4788,weary
4789,wedge
4790,weed
4791,weep
4792,weird
4793,weirdly
4794,wheedle
4795,whimper
4796,whine
4797,whining
4798,whiny
4799,whips
4800,whore
4801,whores
4802,wicked
4803,wickedly
4804,wickedness
4805,wild
4806,wildly
4807,wiles
4808,wilt
4809,wily
4810,wimpy
4811,wince
4812,wobble
4813,wobbled
4814,wobbles
4815,woe
4816,woebegone
4817,woeful
4818,woefully
4819,womanizer
4820,womanizing
4821,worn
4822,worried
4823,worriedly
4824,worrier
4825,worries
4826,worrisome
4827,worry
4828,worrying
4829,worryingly
4830,worse
4831,worsen
4832,worsening
4833,worst
4834,worthless
4835,worthlessly
4836,worthlessness
4837,wound
4838,wounds
4839,wrangle
4840,wrath
4841,wreak
4842,wreaked
4843,wreaks
4844,wreck
4845,wrest
4846,wrestle
4847,wretch
4848,wretched
4849,wretchedly
4850,wretchedness
4851,wrinkle
4852,wrinkled
4853,wrinkles
4854,writhe
4855,wrong
4856,wrongful
4857,wrongly
4858,wrought
4859,wary
4860,weary
4861,wicked
4862,woeful
4863,worthless
4864,wound
4865,yawn
4866,yell
4867,yucky
4868,zap
4869,zapped
4870,zaps
4871,zealot
4872,zealous
4873,zealously
4874,zombie
4875,zero
4876,not good